<botcomponent schemaname="cr70a_user1ContosoCustomerService.component.Machine-Order-Data.xlsx">
  <componenttype>14</componenttype>
  <description>This knowledge source searches information contained in Machine-Order-Data.xlsx</description>
  <filedata mimetype="application/vnd.openxmlformats-officedocument.spreadsheetml.sheet">Machine-Order-Data.xlsx</filedata>
  <iscustomizable>0</iscustomizable>
  <name>Machine-Order-Data.xlsx</name>
  <parentbotid>
    <schemaname>cr70a_user1ContosoCustomerService</schemaname>
  </parentbotid>
  <statecode>0</statecode>
  <statuscode>1</statuscode>
</botcomponent>