<botcomponent schemaname="cr70a_user1ContosoCustomerService.knowledge.httpsMicrosoftcom_g8Inr0PY08VOEvlOYj05s">
  <componenttype>16</componenttype>
  <description>This knowledge source searches information on the web found in https://Microsoft.com website</description>
  <iscustomizable>0</iscustomizable>
  <name>https://Microsoft.com</name>
  <parentbotid>
    <schemaname>cr70a_user1ContosoCustomerService</schemaname>
  </parentbotid>
  <statecode>0</statecode>
  <statuscode>1</statuscode>
</botcomponent>